Blida Airport,Blida,Africa/Algiers
Bou Saada Airport,Bou Saada,Africa/Algiers
Soummam Airport,Bejaja,Africa/Algiers
Houari Boumediene Airport,Algier,Africa/Algiers
Djanet Inedbirene Airport,Djanet,Africa/Algiers
Boufarik Airport,Boufarik,Africa/Algiers
Reggane Airport,Reggan,Africa/Algiers
Illizi Takhamalt Airport,Illizi,Africa/Algiers
Ain Oussera Airport,Ain Oussera,Africa/Algiers
Aguenar – Hadj Bey Akhamok Airport,Tamanrasset,Africa/Algiers
Jijel Ferhat Abbas Airport,Jijel,Africa/Algiers
Mecheria Airport,Mecheria,Africa/Algiers
Relizane Airport,Relizane,Africa/Algiers
Rabah Bitat Airport,Annaba,Africa/Algiers
Mohamed Boudiaf International Airport,Constantine,Africa/Algiers
Cheikh Larbi Tébessi Airport,Tebessa,Africa/Algiers
Hassi R'Mel Airport,Tilrempt,Africa/Algiers
Bou Chekif Airport,Tiaret,Africa/Algiers
Bou Sfer Airport,Bou Sfer,Africa/Algiers
Tindouf Airport,Tindouf,Africa/Algiers
Ech Cheliff Airport,Ech-cheliff,Africa/Algiers
Tafaraoui Airport,Oran,Africa/Algiers
Zenata – Messali El Hadj Airport,Tlemcen,Africa/Algiers
Es Senia Airport,Oran,Africa/Algiers
Sidi Bel Abbes Airport,Sidi Bel Abbes,Africa/Algiers
Ghriss Airport,Ghriss,Africa/Algiers
Touat Cheikh Sidi Mohamed Belkebir Airport,Adrar,Africa/Algiers
Biskra Airport,Biskra,Africa/Algiers
El Golea Airport,El Golea,Africa/Algiers
Noumérat - Moufdi Zakaria Airport,Ghardaia,Africa/Algiers
Oued Irara Airport,Hassi Messaoud,Africa/Algiers
In Salah Airport,In Salah,Africa/Algiers
Touggourt Sidi Madhi Airport,Touggourt,Africa/Algiers
Laghouat Airport,Laghouat,Africa/Algiers
Timimoun Airport,Timimoun,Africa/Algiers
Ain el Beida Airport,Ouargla,Africa/Algiers
In Aménas Airport,Zarzaitine,Africa/Algiers
Cadjehoun Airport,Cotonou,Africa/Porto-Novo
Ouagadougou Airport,Ouagadougou,Africa/Ouagadougou
Bobo Dioulasso Airport,Bobo-dioulasso,Africa/Ouagadougou
Kotoka International Airport,Accra,Africa/Accra
Tamale Airport,Tamale,Africa/Accra
Wa Airport,Wa,Africa/Accra
Sunyani Airport,Sunyani,Africa/Accra
Takoradi Airport,Takoradi,Africa/Accra
Port Bouet Airport,Abidjan,Africa/Abidjan
Bouaké Airport,Bouake,Africa/Abidjan
Daloa Airport,Daloa,Africa/Abidjan
Korhogo Airport,Korhogo,Africa/Abidjan
Man Airport,Man,Africa/Abidjan
San Pedro Airport,San Pedro,Africa/Abidjan
Yamoussoukro Airport,Yamoussoukro,Africa/Abidjan
Nnamdi Azikiwe International Airport,Abuja,Africa/Lagos
Akure Airport,Akure,Africa/Lagos
Benin Airport,Benin,Africa/Lagos
Margaret Ekpo International Airport,Calabar,Africa/Lagos
Akanu Ibiam International Airport,Enugu,Africa/Lagos
Gusau Airport,Gusau,Africa/Lagos
Ibadan Airport,Ibadan,Africa/Lagos
Ilorin International Airport,Ilorin,Africa/Lagos
Yakubu Gowon Airport,Jos,Africa/Lagos
Kaduna Airport,Kaduna,Africa/Lagos
Mallam Aminu International Airport,Kano,Africa/Lagos
Maiduguri International Airport,Maiduguri,Africa/Lagos
Makurdi Airport,Makurdi,Africa/Lagos
Murtala Muhammed International Airport,Lagos,Africa/Lagos
Minna Airport,Minna,Africa/Lagos
Port Harcourt International Airport,Port Hartcourt,Africa/Lagos
Sadiq Abubakar III International Airport,Sokoto,Africa/Lagos
Yola Airport,Yola,Africa/Lagos
Zaria Airport,Zaria,Africa/Lagos
Maradi Airport,Maradi,Africa/Niamey
Diori Hamani International Airport,Niamey,Africa/Niamey
Tahoua Airport,Tahoua,Africa/Niamey
Mano Dayak International Airport,Agadez,Africa/Niamey
Dirkou Airport,Dirkou,Africa/Niamey
Diffa Airport,Diffa,Africa/Niamey
Zinder Airport,Zinder,Africa/Niamey
Monastir Habib Bourguiba International Airport,Monastir,Africa/Tunis
Tunis Carthage International Airport,Tunis,Africa/Tunis
Sidi Ahmed Air Base,Bizerte,Africa/Tunis
Remada Air Base,Remada,Africa/Tunis
Gafsa Ksar International Airport,Gafsa,Africa/Tunis
Gabès Matmata International Airport,Gabes,Africa/Tunis
Borj El Amri Airport,Bordj El Amri,Africa/Tunis
Djerba Zarzis International Airport,Djerba,Africa/Tunis
El Borma Airport,El Borma,Africa/Tunis
Sfax Thyna International Airport,Sfax,Africa/Tunis
Tozeur Nefta International Airport,Tozeur,Africa/Tunis
Niamtougou International Airport,Niatougou,Africa/Lome
Lomé-Tokoin Airport,Lome,Africa/Lome
Alexander Bay Airport,Alexander Bay,Africa/Johannesburg
Aggeneys Airport,Aggeneys,Africa/Johannesburg
Brakpan Airport,Brakpan,Africa/Johannesburg
Bisho Airport,Bisho,Africa/Johannesburg
Bram Fischer International Airport,Bloemfontein,Africa/Johannesburg
Bethlehem Airport,Bethlehem,Africa/Johannesburg
Hendrik Potgieter Airport,Bothaville,Africa/Johannesburg
Cape Town International Airport,Cape Town,Africa/Johannesburg
Calvinia Airport,Calvinia,Africa/Johannesburg
King Shaka International Airport,Durban,Africa/Johannesburg
Ben Schoeman Airport,East London,Africa/Johannesburg
Ermelo Airport,Ermelo,Africa/Johannesburg
Ficksburg Sentraoes Airport,Ficksburg,Africa/Johannesburg
Grand Central Airport,Johannesburg,Africa/Johannesburg
George Airport,George,Africa/Johannesburg
Graaff Reinet Airport,Graaff Reinet,Africa/Johannesburg
Grahamstown Airport,Grahamstown,Africa/Johannesburg
Greytown Airport,Greytown,Africa/Johannesburg
Harmony Airport,Harmony,Africa/Johannesburg
Harrismith Airport,Harrismith,Africa/Johannesburg
Hoedspruit Air Force Base Airport,Hoedspruit,Africa/Johannesburg
Gariep Dam Airport,Hendrik Verwoerddam,Africa/Johannesburg
OR Tambo International Airport,Johannesburg,Africa/Johannesburg
P C Pelser Airport,Klerksdorp,Africa/Johannesburg
Kimberley Airport,Kimberley,Africa/Johannesburg
Krugersdorp Airport,Krugersdorp,Africa/Johannesburg
Kroonstad Airport,Kroonstad,Africa/Johannesburg
Johan Pienaar Airport,Kuruman,Africa/Johannesburg
Kleinsee Airport,Kleinsee,Africa/Johannesburg
Lanseria Airport,Johannesburg,Africa/Johannesburg
Lichtenburg Airport,Lichtenburg,Africa/Johannesburg
Makhado Air Force Base Airport,Lambertsbaai,Africa/Johannesburg
Langebaanweg Airport,Langebaanweg,Africa/Johannesburg
Ladysmith Airport,Ladysmith,Africa/Johannesburg
Middelburg Airport,Middelburg,Africa/Johannesburg
Margate Airport,Margate,Africa/Johannesburg
Marble Hall Airport,Marble Hall,Africa/Johannesburg
Majuba Power Station Airport,Majuba Power Station,Africa/Johannesburg
Riverside Airport,Malalane,Africa/Johannesburg
Morningside Farm Airport,Musina,Africa/Johannesburg
Mkuze Airport,Mkuze,Africa/Johannesburg
Newcastle Airport,Newcastle,Africa/Johannesburg
Nylstroom Airfield,Nylstroom,Africa/Johannesburg
Overberg Airport,Overberg,Africa/Johannesburg
Oudtshoorn Airport,Oudtshoorn,Africa/Johannesburg
Port Elizabeth Airport,Port Elizabeth,Africa/Johannesburg
Plettenberg Bay Airport,Plettenberg Bay,Africa/Johannesburg
Hendrik Van Eck Airport,Phalaborwa,Africa/Johannesburg
Pietersburg Municipal Airport,Polokwane,Africa/Johannesburg
Port St Johns Airport,Port Saint Johns,Africa/Johannesburg
Pietermaritzburg Airport,Pietermaritzburg,Africa/Johannesburg
Pilanesberg International Airport,Pilanesberg,Africa/Johannesburg
Polokwane International Airport,Potgietersrus,Africa/Johannesburg
Potchefstroom Airport,Potchefstroom,Africa/Johannesburg
Parys Airport,Parys,Africa/Johannesburg
Queenstown Airport,Queenstown,Africa/Johannesburg
Richards Bay Airport,Richard's Bay,Africa/Johannesburg
Rustenburg Airport,Rustenburg,Africa/Johannesburg
Robertson Airport,Robertson,Africa/Johannesburg
Springbok Airport,Springbok,Africa/Johannesburg
Secunda Airport,Secunda,Africa/Johannesburg
Saldanha /Vredenburg Airport,Saldanha,Africa/Johannesburg
Springs Airfield,Springs,Africa/Johannesburg
Swartkop Air Force Base,Swartkop,Africa/Johannesburg
Sishen Airport,Sishen,Africa/Johannesburg
Hendrik Swellengrebel Airport,Swellendam,Africa/Johannesburg
Skukuza Airport,Skukuza,Africa/Johannesburg
Tommys Field Airport,Tommy's Field,Africa/Johannesburg
New Tempe Airport,Bloemfontein,Africa/Johannesburg
Tutuka Power Station Airport,Tutuka,Africa/Johannesburg
Tzaneen Airport,Tzaneen,Africa/Johannesburg
Prince Mangosuthu Buthelezi Airport,Ulundi,Africa/Johannesburg
Pierre Van Ryneveld Airport,Upington,Africa/Johannesburg
K. D. Matanzima Airport,Umtata,Africa/Johannesburg
Vryburg Airport,Vryburg,Africa/Johannesburg
Virginia Airport,Durban,Africa/Johannesburg
Vredendal Airport,Vredendal,Africa/Johannesburg
Vereeniging Airport,Vereeniging,Africa/Johannesburg
Wonderboom Airport,Pretoria,Africa/Johannesburg
Witbank Airport,Witbank,Africa/Johannesburg
Waterkloof Air Force Base,Waterkloof,Africa/Johannesburg
Welkom Airport,Welkom,Africa/Johannesburg
Ysterplaat Air Force Base,Ysterplaat,Africa/Johannesburg
Zeerust Airport,Zeerust,Africa/Johannesburg
Francistown Airport,Francistown,Africa/Gaborone
Jwaneng Airport,Jwaneng,Africa/Gaborone
Kasane Airport,Kasane,Africa/Gaborone
Maun Airport,Maun,Africa/Gaborone
Sir Seretse Khama International Airport,Gaberone,Africa/Gaborone
Selebi Phikwe Airport,Selebi-phikwe,Africa/Gaborone
Maya-Maya Airport,Brazzaville,Africa/Brazzaville
Owando Airport,Owando,Africa/Brazzaville
Ouesso Airport,Ouesso,Africa/Brazzaville
Pointe Noire Airport,Pointe-noire,Africa/Brazzaville
Matsapha Airport,Manzini,Africa/Mbabane
Bangui M'Poko International Airport,Bangui,Africa/Bangui
Berbérati Airport,Berberati,Africa/Bangui
Bata Airport,Bata,Africa/Malabo
Malabo Airport,Malabo,Africa/Malabo
Tiko Airport,Tiko,Africa/Douala
Douala International Airport,Douala,Africa/Douala
Salak Airport,Maroua,Africa/Douala
Foumban Nkounja Airport,Foumban,Africa/Douala
N'Gaoundéré Airport,N'gaoundere,Africa/Douala
Garoua International Airport,Garoua,Africa/Douala
Bafoussam Airport,Bafoussam,Africa/Douala
Bamenda Airport,Bamenda,Africa/Douala
Yaoundé Airport,Yaounde,Africa/Douala
Kasompe Airport,Kasompe,Africa/Lusaka
Livingstone Airport,Livingstone,Africa/Lusaka
Kenneth Kaunda International Airport Lusaka,Lusaka,Africa/Lusaka
Mfuwe Airport,Mfuwe,Africa/Lusaka
Mongu Airport,Mongu,Africa/Lusaka
Simon Mwansa Kapwepwe International Airport,Ndola,Africa/Lusaka
Southdowns Airport,Southdowns,Africa/Lusaka
Mbanza Congo Airport,M'banza-congo,Africa/Luanda
Benguela Airport,Benguela,Africa/Luanda
Cabinda Airport,Cabinda,Africa/Luanda
Nova Lisboa Airport,Huambo,Africa/Luanda
Kuito Airport,Kuito,Africa/Luanda
Lobito Airport,Lobito,Africa/Luanda
Quatro de Fevereiro Airport,Luanda,Africa/Luanda
Malanje Airport,Malanje,Africa/Luanda
Menongue Airport,Menongue,Africa/Luanda
Negage Airport,Negage,Africa/Luanda
Porto Amboim Airport,Porto Amboim,Africa/Luanda
Saurimo Airport,Saurimo,Africa/Luanda
Soyo Airport,Soyo,Africa/Luanda
Lubango Airport,Lubango,Africa/Luanda
Luena Airport,Luena,Africa/Luanda
Uige Airport,Uige,Africa/Luanda
Xangongo Airport,Xangongo,Africa/Luanda
Oyem Airport,Oyem,Africa/Libreville
Okondja Airport,Okondja,Africa/Libreville
Lambarene Airport,Lambarene,Africa/Libreville
Bitam Airport,Bitam,Africa/Libreville
Port Gentil Airport,Port Gentil,Africa/Libreville
Omboue Hopital Airport,Omboue Hospial,Africa/Libreville
Makokou Airport,Makokou,Africa/Libreville
Libreville Leon M'ba International Airport,Libreville,Africa/Libreville
M'Vengue El Hadj Omar Bongo Ondimba International Airport,Franceville,Africa/Libreville
Principe Airport,Principe,Africa/Sao_Tome
São Tomé International Airport,Sao Tome,Africa/Sao_Tome
Beira Airport,Beira,Africa/Maputo
Inhambane Airport,Inhambane,Africa/Maputo
Lichinga Airport,Lichinga,Africa/Maputo
Lumbo Airport,Lumbo,Africa/Maputo
Maputo Airport,Maputo,Africa/Maputo
Mueda Airport,Mueda,Africa/Maputo
Mocímboa da Praia Airport,Mocimboa Da Praia,Africa/Maputo
Marrupa Airport,Marrupa,Africa/Maputo
Nacala Airport,Nacala,Africa/Maputo
Nampula Airport,Nampula,Africa/Maputo
Pemba Airport,Pemba,Africa/Maputo
Quelimane Airport,Quelimane,Africa/Maputo
Songo Airport,Songo,Africa/Maputo
Chingozi Airport,Tete,Africa/Maputo
Ulongwe Airport,Ulongwe,Africa/Maputo
Vilankulo Airport,Vilankulu,Africa/Maputo
Abeche Airport,Abeche,Africa/Ndjamena
Moundou Airport,Moundou,Africa/Ndjamena
N'Djamena International Airport,N'djamena,Africa/Ndjamena
Faya Largeau Airport,Faya-largeau,Africa/Ndjamena
Joshua Mqabuko Nkomo International Airport,Bulawayo,Africa/Harare
Charles Prince Airport,Harare,Africa/Harare
Buffalo Range Airport,Chiredzi,Africa/Harare
Victoria Falls International Airport,Victoria Falls,Africa/Harare
Robert Gabriel Mugabe International Airport,Harare,Africa/Harare
Kariba International Airport,Kariba,Africa/Harare
Mutoko Airport,Mutoko,Africa/Harare
Mutare Airport,Mutare,Africa/Harare
Masvingo International Airport,Masvingo,Africa/Harare
Zvishavane Airport,Zvishavane,Africa/Harare
Thornhill Air Base,Gwert,Africa/Harare
Hwange National Park Airport,Hwange National Park,Africa/Harare
Chileka International Airport,Blantyre,Africa/Blantyre
Karonga Airport,Karonga,Africa/Blantyre
Kasungu Airport,Kasungu,Africa/Blantyre
Lilongwe International Airport,Lilongwe,Africa/Blantyre
Mzuzu Airport,Mzuzu,Africa/Blantyre
Moshoeshoe I International Airport,Maseru,Africa/Maseru
Mejametalana Airbase,Maseru,Africa/Maseru
Ndjili International Airport,Kinshasa,Africa/Kinshasa
Ndolo Airport,Kinshasa,Africa/Kinshasa
Muanda Airport,Muanda,Africa/Kinshasa
Kitona Base Airport,Kitona Base,Africa/Kinshasa
Bandundu Airport,Bandoundu,Africa/Kinshasa
Kikwit Airport,Kikwit,Africa/Kinshasa
Mbandaka Airport,Mbandaka,Africa/Kinshasa
Gbadolite Airport,Gbadolite,Africa/Kinshasa
Gemena Airport,Gemena,Africa/Kinshasa
Kotakoli Airport,Kotakoli,Africa/Kinshasa
Lisala Airport,Lisala,Africa/Kinshasa
Bangoka International Airport,Kisangani,Africa/Lubumbashi
Matari Airport,Isiro,Africa/Lubumbashi
Bunia Airport,Bunia,Africa/Lubumbashi
Buta Zega Airport,Buta Zega,Africa/Lubumbashi
Bukavu Kavumu Airport,Bukavu/kavumu,Africa/Lubumbashi
Goma International Airport,Goma,Africa/Kigali
Kindu Airport,Kindu,Africa/Lubumbashi
Lubumbashi International Airport,Lubumashi,Africa/Lubumbashi
Kolwezi Airport,Kolwezi,Africa/Lubumbashi
Kalemie Airport,Kalemie,Africa/Lubumbashi
Kamina Base Airport,Kamina Base,Africa/Lubumbashi
Kananga Airport,Kananga,Africa/Lubumbashi
Mbuji Mayi Airport,Mbuji-mayi,Africa/Lubumbashi
Modibo Keita International Airport,Bamako,Africa/Bamako
Gao Airport,Gao,Africa/Bamako
Kayes Dag Dag Airport,Kayes,Africa/Bamako
Mopti Airport,Mopti,Africa/Bamako
Timbuktu Airport,Tombouctou,Africa/Bamako
Tessalit Airport,Tessalit,Africa/Bamako
Banjul International Airport,Banjul,Africa/Banjul
Lungi International Airport,Freetown,Africa/Freetown
Cufar Airport,Cufar,Africa/Bissau
Spriggs Payne Airport,Monrovia,Africa/Monrovia
Roberts International Airport,Monrovia,Africa/Monrovia
Al Massira Airport,Agadir,Africa/Casablanca
Tan Tan Airport,Tan Tan,Africa/Casablanca
Saïss Airport,Fes,Africa/Casablanca
Ifrane Airport,Ifrane,Africa/Casablanca
Moulay Ali Cherif Airport,Er-rachidia,Africa/Casablanca
Bassatine Airport,Meknes,Africa/Casablanca
Angads Airport,Oujda,Africa/Casablanca
Ben Slimane Airport,Ben Slimane,Africa/Casablanca
Rabat-Salé Airport,Rabat,Africa/Casablanca
Mohammed V International Airport,Casablanca,Africa/Casablanca
Menara Airport,Marrakech,Africa/Casablanca
Kenitra Airport,Kentira,Africa/Casablanca
Ouarzazate Airport,Ouarzazate,Africa/Casablanca
Cherif Al Idrissi Airport,Al Hociema,Africa/Casablanca
Saniat R'mel Airport,Tetouan,Africa/Casablanca
Ibn Batouta Airport,Tanger,Africa/Casablanca
Ziguinchor Airport,Ziguinchor,Africa/Dakar
Cap Skirring Airport,Cap Skiring,Africa/Dakar
Kaolack Airport,Kaolack,Africa/Dakar
Léopold Sédar Senghor International Airport,Dakar,Africa/Dakar
Saint Louis Airport,St. Louis,Africa/Dakar
Bakel Airport,Bakel,Africa/Dakar
Kédougou Airport,Kedougou,Africa/Dakar
Tambacounda Airport,Tambacounda,Africa/Dakar
Aioun el Atrouss Airport,Aioun El Atrouss,Africa/Nouakchott
Tidjikja Airport,Tidjikja,Africa/Nouakchott
Kiffa Airport,Kiffa,Africa/Nouakchott
Néma Airport,Nema,Africa/Nouakchott
Kaédi Airport,Kaedi,Africa/Nouakchott
Nouakchott–Oumtounsy International Airport,Nouakschott,Africa/Nouakchott
Sélibaby Airport,Selibabi,Africa/Nouakchott
Atar International Airport,Atar,Africa/Nouakchott
Nouadhibou International Airport,Nouadhibou,Africa/Nouakchott
Bir Moghrein Airport,Bir Moghrein,Africa/Nouakchott
Fria Airport,Fira,Africa/Conakry
Faranah Airport,Faranah,Africa/Conakry
Tata Airport,Labe,Africa/Conakry
Addis Ababa Bole International Airport,Addis Ababa,Africa/Addis_Ababa
Lideta Army Airport,Addis Ababa,Africa/Addis_Ababa
Arba Minch Airport,Arba Minch,Africa/Addis_Ababa
Axum Airport,Axum,Africa/Addis_Ababa
Bahir Dar Airport,Bahar Dar,Africa/Addis_Ababa
Aba Tenna Dejazmach Yilma International Airport,Dire Dawa,Africa/Addis_Ababa
Gambella Airport,Gambella,Africa/Addis_Ababa
Gonder Airport,Gondar,Africa/Addis_Ababa
Jimma Airport,Jimma,Africa/Addis_Ababa
Lalibella Airport,Lalibella,Africa/Addis_Ababa
Mekele Airport,Makale,Africa/Addis_Ababa
Asosa Airport,Asosa,Africa/Addis_Ababa
Bujumbura International Airport,Bujumbura,Africa/Bujumbura
Egal International Airport,Hargeisa,Africa/Mogadishu
Berbera Airport,Berbera,Africa/Mogadishu
Kisimayu Airport,Kismayu,Africa/Mogadishu
El Nouzha Airport,Alexandria,Africa/Cairo
Abu Simbel Airport,Abu Simbel,Africa/Cairo
Cairo International Airport,Cairo,Africa/Cairo
Cairo West Airport,Cairo,Africa/Cairo
Hurghada International Airport,Hurghada,Africa/Cairo
El Gora Airport,El Gorah,Africa/Cairo
Luxor International Airport,Luxor,Africa/Cairo
Mersa Matruh Airport,Mersa-matruh,Africa/Cairo
Port Said Airport,Port Said,Africa/Cairo
St Catherine International Airport,St. Catherine,Africa/Cairo
Aswan International Airport,Aswan,Africa/Cairo
El Tor Airport,El-tor,Africa/Cairo
Eldoret International Airport,Eldoret,Africa/Nairobi
Kakamega Airport,Kakamega,Africa/Nairobi
Kisumu Airport,Kisumu,Africa/Nairobi
Kitale Airport,Kitale,Africa/Nairobi
Lodwar Airport,Lodwar,Africa/Nairobi
Manda Airstrip,Lamu,Africa/Nairobi
Mombasa Moi International Airport,Mombasa,Africa/Nairobi
Naivasha Airport,Naivasha,Africa/Nairobi
Nairobi Wilson Airport,Nairobi,Africa/Nairobi
Moi Air Base,Nairobi,Africa/Nairobi
Wajir Airport,Wajir,Africa/Nairobi
Bu Attifel Airport,Buattifel,Africa/Tripoli
Warehouse 59e Airport,Giallo,Africa/Tripoli
Ghat Airport,Ghat,Africa/Tripoli
Kufra Airport,Kufra,Africa/Tripoli
Benina International Airport,Benghazi,Africa/Tripoli
Sabha Airport,Sebha,Africa/Tripoli
Tripoli International Airport,Tripoli,Africa/Tripoli
Marsa Brega Airport,Marsa Brega,Africa/Tripoli
Ras Lanuf Oil Airport,Ras Lanouf V 40,Africa/Tripoli
Hon Airport,Hon,Africa/Tripoli
Dahra Airport,Dahra,Africa/Tripoli
Ghadames East Airport,Ghadames,Africa/Tripoli
Zella 74 Airport,Zella 74,Africa/Tripoli
Gisenyi Airport,Gisenyi,Africa/Kigali
Kigali International Airport,Kigali,Africa/Kigali
Kamembe Airport,Kamembe,Africa/Kigali
Dongola Airport,Dongola,Africa/Khartoum
Damazin Airport,Damazin,Africa/Khartoum
El Fasher Airport,El Fasher,Africa/Khartoum
Kassala Airport,Kassala,Africa/Khartoum
Kadugli Airport,Kadugli,Africa/Khartoum
El Obeid Airport,El Obeid,Africa/Khartoum
Juba International Airport,Juba,Africa/Juba
Malakal Airport,Malakal,Africa/Juba
Khartoum International Airport,Khartoum,Africa/Khartoum
Arusha Airport,Arusha,Africa/Dar_es_Salaam
Julius Nyerere International Airport,Dar Es Salaam,Africa/Dar_es_Salaam
Dodoma Airport,Dodoma,Africa/Dar_es_Salaam
Iringa Airport,Iringa,Africa/Dar_es_Salaam
Kilimanjaro International Airport,Kilimanjaro,Africa/Dar_es_Salaam
Lake Manyara Airport,Lake Manyara,Africa/Dar_es_Salaam
Mtwara Airport,Mtwara,Africa/Dar_es_Salaam
Mwanza Airport,Mwanza,Africa/Dar_es_Salaam
Pemba Airport,Pemba,Africa/Dar_es_Salaam
Tanga Airport,Tanga,Africa/Dar_es_Salaam
Abeid Amani Karume International Airport,Zanzibar,Africa/Dar_es_Salaam
Entebbe International Airport,Entebbe,Africa/Kampala
Soroti Airport,Soroti,Africa/Kampala
Borg El Arab International Airport,Alexandria,Africa/Cairo
Assab International Airport,Assab,Africa/Asmera
Asmara International Airport,Asmara,Africa/Asmera
Massawa International Airport,Massawa,Africa/Asmera
Sharm El Sheikh International Airport,Sharm El Sheikh,Africa/Cairo
Jomo Kenyatta International Airport,Nairobi,Africa/Nairobi
Seronera Airport,Seronera,Africa/Dar_es_Salaam
Hosea Kutako International Airport,Windhoek,Africa/Windhoek
Djibouti-Ambouli Airport,Djibouti,Africa/Djibouti
Mafia Island Airport,Mafia Island,Africa/Dar_es_Salaam
Yaoundé Nsimalen International Airport,Yaounde,Africa/Douala
Conakry International Airport,Conakry,Africa/Conakry
Marsa Alam International Airport,Marsa Alam,Africa/Cairo
Gounda Airport,Gounda,Africa/Bangui
Taba International Airport,Taba,Africa/Cairo
Tabarka 7 Novembre Airport,Tabarka,Africa/Tunis
Batna Airport,Batna,Africa/Algiers
Béchar Boudghene Ben Ali Lotfi Airport,Béchar,Africa/Algiers
Bordj Badji Mokhtar Airport,Bordj Badji Mokhtar,Africa/Algiers
Guemar Airport,Guemar,Africa/Algiers
Kumasi Airport,Kumasi,Africa/Accra
Shilavo Airport,Shilavo,Africa/Addis_Ababa
Shire Inda Selassie Airport,Shire Indasilase,Africa/Addis_Ababa
Rand Airport,Johannesburg,Africa/Johannesburg
Kruger Mpumalanga International Airport,Mpumalanga,Africa/Johannesburg
Malamala Airport,Malamala,Africa/Johannesburg
Mmabatho International Airport,Mafeking,Africa/Johannesburg
Ghanzi Airport,Ghanzi,Africa/Gaborone
Orapa Airport,Orapa,Africa/Gaborone
Shakawe Airport,Shakawe,Africa/Gaborone
Limpopo Valley Airport,Tuli Lodge,Africa/Gaborone
Ngot Nzoungou Airport,Loubomo,Africa/Brazzaville
Chipata Airport,Chipata,Africa/Lusaka
Catumbela Airport,Catumbela,Africa/Luanda
Dundo Airport,Dundo,Africa/Luanda
Ngjiva Pereira Airport,Ondjiva,Africa/Luanda
Namibe Airport,Mocamedes,Africa/Luanda
Koulamoutou Mabimbi Airport,Koulamoutou,Africa/Libreville
Mouilla Ville Airport,Mouila,Africa/Libreville
Tchibanga Airport,Tchibanga,Africa/Libreville
Chimoio Airport,Chimoio,Africa/Maputo
Sarh Airport,Sarh,Africa/Ndjamena
Club Makokola Airport,Club Makokola,Africa/Blantyre
Luderitz Airport,Luderitz,Africa/Windhoek
Ondangwa Airport,Ondangwa,Africa/Windhoek
Oranjemund Airport,Oranjemund,Africa/Windhoek
Swakopmund Airport,Swakopmund,Africa/Windhoek
Eros Airport,Windhoek,Africa/Windhoek
Boma Airport,Boma,Africa/Kinshasa
Tshimpi Airport,Matadi,Africa/Kinshasa
Inongo Airport,Inongo,Africa/Kinshasa
Nioki Airport,Nioki,Africa/Kinshasa
Basango Mboliasa Airport,Kiri,Africa/Kinshasa
Basankusu Airport,Basankusu,Africa/Kinshasa
Tshikapa Airport,Tshikapa,Africa/Lubumbashi
Lodja Airport,Lodja,Africa/Lubumbashi
Ilebo Airport,Ilebo,Africa/Lubumbashi
Sherbro International Airport,Bonthe,Africa/Freetown
Bo Airport,Bo,Africa/Freetown
Kenema Airport,Kenema,Africa/Freetown
Osvaldo Vieira International Airport,Bissau,Africa/Bissau
Smara Airport,Smara,Africa/El_Aaiun
Dakhla Airport,Dakhla,Africa/El_Aaiun
Mogador Airport,Essadouira,Africa/Casablanca
Hassan I Airport,El Aaiún,Africa/El_Aaiun
Nador International Airport,El Aroui,Africa/Casablanca
Baco Airport,Baco,Africa/Addis_Ababa
Beica Airport,Beica,Africa/Addis_Ababa
Combolcha Airport,Dessie,Africa/Addis_Ababa
Dembidollo Airport,Dembidollo,Africa/Addis_Ababa
Gode Airport,Gode,Africa/Addis_Ababa
Gore Airport,Gore,Africa/Addis_Ababa
Kabri Dehar Airport,Kabri Dehar,Africa/Addis_Ababa
Mizan Teferi Airport,Mizan Teferi,Africa/Addis_Ababa
Tippi Airport,Tippi,Africa/Addis_Ababa
Alula Airport,Alula,Africa/Mogadishu
Bosaso Airport,Bosaso,Africa/Mogadishu
Aden Adde International Airport,Mogadishu,Africa/Mogadishu
Galcaio Airport,Galcaio,Africa/Mogadishu
Burao Airport,Burao,Africa/Mogadishu
El Arish International Airport,El Arish,Africa/Cairo
Assiut International Airport,Asyut,Africa/Cairo
Amboseli Airport,Amboseli National Park,Africa/Nairobi
Lokichoggio Airport,Lokichoggio,Africa/Nairobi
Malindi Airport,Malindi,Africa/Nairobi
Nanyuki Airport,Nanyuki,Africa/Nairobi
Gardabya Airport,Sirt,Africa/Tripoli
Gamal Abdel Nasser Airport,Tobruk,Africa/Tripoli
Mitiga Airport,Tripoli,Africa/Tripoli
La Abraq Airport,Al Bayda',Africa/Tripoli
Atbara Airport,Atbara,Africa/Khartoum
Nyala Airport,Nyala,Africa/Khartoum
Port Sudan New International Airport,Port Sudan,Africa/Khartoum
Bukoba Airport,Bukoba,Africa/Dar_es_Salaam
Kigoma Airport,Kigoma,Africa/Dar_es_Salaam
Lindi Airport,Lindi,Africa/Dar_es_Salaam
Musoma Airport,Musoma,Africa/Dar_es_Salaam
Shinyanga Airport,Shinyanga,Africa/Dar_es_Salaam
Tabora Airport,Tabora,Africa/Dar_es_Salaam
Arua Airport,Arua,Africa/Kampala
Gulu Airport,Gulu,Africa/Kampala
Kiwayu (Mkononi) Airport,Kiwayu,Africa/Nairobi
Misratah Airport,Misratah,Africa/Tripoli
Ubari Airport,Ubari,Africa/Tripoli
Boorama Airport,Boorama,Africa/Mogadishu
Moyo Airport,Moyo,Africa/Kampala
Ain Arnat Airport,Setif,Africa/Algiers
Sam Mbakwe International Airport,Imo,Africa/Lagos
Geneina Airport,Geneina,Africa/Khartoum
Buffalo Spring,Samburu South,Africa/Nairobi
Walvis Bay Airport,Walvis Bay,Africa/Windhoek
Katima Mulilo Airport,Mpacha,Africa/Windhoek
Solio Ranch Airport,Solio,Africa/Nairobi
Spray View Airport,Spray View,Africa/Harare
Warri Airport,Osubi,Africa/Lagos
Nelspruit Airport,Nelspruit,Africa/Johannesburg
Sabi Sabi Airport,Sabi Sabi,Africa/Johannesburg
Tsletsi Airport,Djelfa,Africa/Algiers
Nzagi Airport,Nzagi,Africa/Luanda
Catoca Airport,Catoca,Africa/Luanda
Lucapa Airport,Lucapa,Africa/Luanda
Capanda Airport,Kapanda,Africa/Luanda
Am Timan Airport,Am Timan,Africa/Ndjamena
Shark El Oweinat International Airport,Sharq Al-Owainat,Africa/Cairo
Awassa Airport,Awasa,Africa/Addis_Ababa
Wilwal International Airport,Jijiga,Africa/Addis_Ababa
Mekane Selam Airport,Mekane Selam,Africa/Addis_Ababa
Debra Marcos Airport,Debre Marqos,Africa/Addis_Ababa
Debre Tabor Airport,Debre Tabor,Africa/Addis_Ababa
Harar Meda Airport,Debre Zeyit,Africa/Addis_Ababa
Robe Airport,Goba,Africa/Addis_Ababa
Mayumba Airport,Mayumba,Africa/Libreville
Mara Serena Lodge Airstrip,Masai Mara,Africa/Nairobi
Lewa Airport,Lewa,Africa/Nairobi
Mulika Lodge Airport,Meru National Park,Africa/Nairobi
Rumbek Airport,Rumbek,Africa/Juba
Yei Airport,Yei,Africa/Juba
Cape Palmas Airport,Greenville,Africa/Monrovia
Bazaruto Island Airport,Bazaruto Island,Africa/Maputo
Benguera Island Airport,Benguera Island,Africa/Maputo
Inhaca Airport,Inhaca,Africa/Maputo
Indigo Bay Lodge Airport,Indigo Bay Lodge,Africa/Maputo
Gombe Lawanti International Airport,Gombe,Africa/Lagos
Akwa Ibom International Airport,Uyo,Africa/Lagos
Katsina Airport,Katsina,Africa/Lagos
Ouro Sogui Airport,Matam,Africa/Dakar
K50 Airport,Mogadishu,Africa/Mogadishu
Wadi Halfa Airport,Wadi Halfa,Africa/Khartoum
Enfidha - Hammamet International Airport,Enfidha,Africa/Tunis
Kidepo Airport,Kidepo,Africa/Kampala
Kitgum Airport,Kitgum,Africa/Kampala
Bugungu Airport,Pakuba,Africa/Kampala
Grootfontein Airport,Grootfontein,Africa/Windhoek
Rundu Airport,Rundu,Africa/Windhoek
Camp Okavango Airport,Okavango Delta,Africa/Gaborone
Mammy Yoko Heliport,Freetown,Africa/Freetown
Shearwater Heliport,Victoria Falls,Africa/Harare
Kota Kinabalu Airport,Kota Kinabalu,Africa/Lagos
Kasaba Bay Airport,Kasaba Bay,Africa/Lusaka
Mantsonyane Airport,Mantsonyane,Africa/Maseru
El Alamein International Airport,Dabaa City,Africa/Cairo
Fes Sefrou Airport,Fes,Africa/Casablanca
Hastings Airport,Freetown,Africa/Freetown
Bougouni Airport,Bougouni,Africa/Bamako
Keekorok Airport,Keekorok,Africa/Nairobi
Ukunda Airstrip,Ukunda,Africa/Nairobi
Khwai River Lodge Airport,Khwai River,Africa/Gaborone
Okaukuejo Airport,Okaukuejo,Africa/Windhoek
Mokuti Lodge Airport,Mokuti Lodge,Africa/Windhoek
Maramba Aerodrome,Livingstone,Africa/Lusaka
Tsumeb Airport,Tsumeb,Africa/Windhoek
Crocodile Camp Air Strip,Tsavo East,Africa/Nairobi
Crocodile Camp Air Strip,Tsavo East,Africa/Nairobi
Sohag International Airport,Sohag,Africa/Cairo
Aweil Airport,Aweil,Africa/Juba
Wau Airport,Wau,Africa/Juba
Humera Airport,Humera,Africa/Addis_Ababa
Moyale Airport,Moyale,Africa/Nairobi
Zagora Airport,Zagora,Africa/Casablanca
Yengema Airport,Yengema,Africa/Freetown
Gbangbatok Airport,Gbangbatok,Africa/Freetown
Msembe Airport,Msembe,Africa/Dar_es_Salaam
Aliwal North Airport,Aliwal North,Africa/Johannesburg
Alkantpan Copper Airport,Alkantpan,Africa/Johannesburg
Alldays Airport,Alldays,Africa/Johannesburg
Bredasdorp Airport,Barberton,Africa/Johannesburg
Bungoma Airport,Bungoma,Africa/Nairobi
Bura East Airport,Bura,Africa/Nairobi
Busia Airport,Busia,Africa/Nairobi
Embu Airport,Embu,Africa/Nairobi
Garba Tula Airport,Garba Tula,Africa/Nairobi
Garissa Airport,Garissa,Africa/Nairobi
Hola Airport,Hola,Africa/Nairobi
Homa Bay Airport,Homa Bay,Africa/Nairobi
Isiolo Airport,Isiolo,Africa/Nairobi
Kericho Airport,Kericho,Africa/Nairobi
Kilaguni Airport,Kilaguni,Africa/Nairobi
Newnan Hospital Heliport,Bengassi,Africa/Bamako
Lewa Airport,Lewa Downs,Africa/Nairobi
Kissidougou Airport,Kissidougou,Africa/Conakry
Keetmanshoop Airport,Keetmanshoop,Africa/Windhoek
Cuamba Airport,Cuamba,Africa/Maputo
Berdoba Airport,Berdoba,Africa/Ndjamena
Thorny Bush Game Lodge Airport,Hoedspruit,Africa/Johannesburg
Kasongo Airport,Kasongo,Africa/Lubumbashi
Bumi Airport,Bumi Hills,Africa/Harare
Bouarfa Airport,Bouarfa,Africa/Casablanca
Nyeri Airport,NYERI,Africa/Nairobi
Likoma Island Airport,Likoma Island,Africa/Blantyre
Torit Airport,Torit,Africa/Juba
Obock Airport,Obock,Africa/Djibouti
Tadjoura Airport,Tadjoura,Africa/Djibouti
Kabale Airport,Kabale,Africa/Kampala
Cape Town Waterfort Heliport,Cap Town,Africa/Johannesburg
Beni Mellal Airport,Beni Mellal,Africa/Casablanca
Goulimime Airport,Goulimime,Africa/Casablanca
Tazadit Airport,Zouerat,Africa/Nouakchott
Asaba International Airport,Asaba,Africa/Lagos
Akwa Ibom International Airport,Uyo,Africa/Lagos
Semera Airport,Semera,Africa/Addis_Ababa
Kasama Airport,Kasama,Africa/Lusaka
Mbeya Airport,Mbeya,Africa/Dar_es_Salaam
Mpanda Airport,Mpanda,Africa/Dar_es_Salaam
Songea Airport,Songea,Africa/Dar_es_Salaam
Morogoro Airport,Morogoro,Africa/Dar_es_Salaam
Kirawira Aerodrome,Grumeti Game Reserve,Africa/Dar_es_Salaam
Sikasso Airport,Sikasso,Africa/Bamako
